Unnamed: 0	AAAA	AAAC	AAAG	AAAT	AACA	AACC	AACG	AACT	AAGA	AAGC	AAGG	AAGT	AATA	AATC	AATG	AATT	ACAA	ACAC	ACAG	ACAT	ACCA	ACCC	ACCG	ACCT	ACGA	ACGC	ACGG	ACGT	ACTA	ACTC	ACTG	ACTT	AGAA	AGAC	AGAG	AGAT	AGCA	AGCC	AGCG	AGCT	AGGA	AGGC	AGGG	AGGT	AGTA	AGTC	AGTG	AGTT	ATAA	ATAC	ATAG	ATAT	ATCA	ATCC	ATCG	ATCT	ATGA	ATGC	ATGG	ATGT	ATTA	ATTC	ATTG	ATTT	CAAA	CAAC	CAAG	CAAT	CACA	CACC	CACG	CACT	CAGA	CAGC	CAGG	CAGT	CATA	CATC	CATG	CATT	CCAA	CCAC	CCAG	CCAT	CCCA	CCCC	CCCG	CCCT	CCGA	CCGC	CCGG	CCGT	CCTA	CCTC	CCTG	CCTT	CGAA	CGAC	CGAG	CGAT	CGCA	CGCC	CGCG	CGCT	CGGA	CGGC	CGGG	CGGT	CGTA	CGTC	CGTG	CGTT	CTAA	CTAC	CTAG	CTAT	CTCA	CTCC	CTCG	CTCT	CTGA	CTGC	CTGG	CTGT	CTTA	CTTC	CTTG	CTTT	GAAA	GAAC	GAAG	GAAT	GACA	GACC	GACG	GACT	GAGA	GAGC	GAGG	GAGT	GATA	GATC	GATG	GATT	GCAA	GCAC	GCAG	GCAT	GCCA	GCCC	GCCG	GCCT	GCGA	GCGC	GCGG	GCGT	GCTA	GCTC	GCTG	GCTT	GGAA	GGAC	GGAG	GGAT	GGCA	GGCC	GGCG	GGCT	GGGA	GGGC	GGGG	GGGT	GGTA	GGTC	GGTG	GGTT	GTAA	GTAC	GTAG	GTAT	GTCA	GTCC	GTCG	GTCT	GTGA	GTGC	GTGG	GTGT	GTTA	GTTC	GTTG	GTTT	TAAA	TAAC	TAAG	TAAT	TACA	TACC	TACG	TACT	TAGA	TAGC	TAGG	TAGT	TATA	TATC	TATG	TATT	TCAA	TCAC	TCAG	TCAT	TCCA	TCCC	TCCG	TCCT	TCGA	TCGC	TCGG	TCGT	TCTA	TCTC	TCTG	TCTT	TGAA	TGAC	TGAG	TGAT	TGCA	TGCC	TGCG	TGCT	TGGA	TGGC	TGGG	TGGT	TGTA	TGTC	TGTG	TGTT	TTAA	TTAC	TTAG	TTAT	TTCA	TTCC	TTCG	TTCT	TTGA	TTGC	TTGG	TTGT	TTTA	TTTC	TTTG	TTTT	taxon_count
Acidobacteriota	14585	17670	20825	12903	31058	32475	50253	25643	46372	47131	49811	24806	6767	23689	11829	11114	33494	28969	19037	34639	33166	27167	66222	44307	78920	89131	69832	47701	14611	24466	22462	24735	37368	33950	19571	39484	36547	37890	66011	41965	43621	51000	30940	31339	12673	22557	15947	27042	4617	10249	3721	5744	50621	42700	86121	33692	27134	33042	37001	15699	8501	25493	16365	14814	19508	62995	58023	16760	21331	53010	76109	17194	32878	58281	48279	22120	5299	92063	34906	16082	26209	37021	40735	27000	16608	25191	68388	20841	84684	125394	85604	48049	13705	61907	56102	23665	74808	130116	116208	71248	82228	140104	218566	89262	56836	193673	72043	50692	14098	113240	71491	35522	3197	50457	1654	11599	33387	37625	121980	28777	41509	72972	61452	20277	6394	74790	16003	17051	27221	53233	84415	19711	41840	62900	118535	28674	47225	73484	56760	28768	9660	81070	58303	30268	45455	58915	71721	42584	51648	51292	152181	51106	111290	208033	127450	70770	18643	95605	87654	34846	35872	54185	51465	31855	68712	87991	172843	55237	31720	84015	32751	22316	9908	54945	50110	21545	5294	24737	4037	9997	43041	33638	104960	31138	33553	54199	46994	16801	7194	53550	24137	19124	4378	5503	4214	3938	21676	22866	41003	14789	3525	3795	2340	2547	2537	16253	7721	7729	51711	42954	29607	44228	29165	27451	56792	38995	115888	107241	90561	67489	19942	40504	30528	31400	36097	33873	18283	36520	30826	40925	60758	50038	40447	55367	34943	31827	7224	21799	13826	19899	4947	15226	2801	6967	41602	39176	69713	29180	22482	22786	17648	10094	7843	26308	16676	13366	
Actinomycetota	27746	54639	69609	19873	169383	283005	382427	137492	252034	320835	415547	111155	19275	62783	43759	17427	210693	259813	129231	259655	393320	495688	893443	579376	793613	819048	726792	500213	127963	222255	187054	181500	248140	291625	192687	331391	346679	421483	647397	535471	560714	620606	432179	417782	104674	171422	131208	159089	28937	55555	54413	21961	295657	442588	775443	254607	184808	269316	331481	108418	16970	70037	38781	25053	53989	491793	524347	47051	172482	828578	747290	156992	250742	576207	537730	145864	54819	666609	319965	47559	262764	580332	560905	221307	304009	449986	1093166	352067	1074443	1523946	1432734	554476	172109	813499	836061	224048	360574	1598152	1618988	581843	618073	1805803	1840776	954348	642111	2209838	1150285	686374	143610	1113847	827999	290914	19825	568705	32399	64887	325647	550363	1416901	284339	361697	894205	938405	241550	31090	712952	117110	75383	68351	395635	474501	62283	362678	985467	1301570	283782	511350	1009788	1044557	286150	69548	962066	483424	65111	315914	656668	631443	311410	588393	866456	1978765	613599	1085373	1766270	1524863	623436	203222	1172391	1184485	281386	208884	759815	862663	340594	654613	1375589	1937644	739948	482924	1173906	582899	400981	118848	844605	783543	198354	32365	300129	54277	49113	350599	500779	1182925	293583	342981	651030	710437	180855	32977	586089	142261	57870	21052	29640	26642	13816	152896	270248	411111	139966	46656	47231	38480	23491	16464	76076	46080	20827	324305	408897	184758	296863	334614	389240	617758	498035	1187171	1104055	1007532	694726	182317	377182	235330	253039	180592	285792	168045	325897	291951	452625	580774	608927	475835	694537	473550	435339	67389	195932	140869	170580	10017	53460	14998	23976	243653	354618	636113	218857	70032	124112	106246	45004	21343	88237	48050	29380	
Bacillota	4985	5486	7495	3642	9841	13890	19617	7646	16307	19271	22188	7700	2777	6494	4720	3220	11315	12023	7565	13413	17098	18911	34671	23774	35731	36276	32781	22372	6689	10928	9627	9231	14430	15159	11697	18215	17616	20628	30721	24381	26259	28669	19971	19007	5826	9199	7435	8999	2434	4605	3225	3205	18109	23435	39507	15106	11773	15190	18714	6875	2863	7182	5368	4125	6191	21833	26042	5445	9025	29822	33248	8116	13729	25869	24547	8063	3365	36019	17303	5692	13245	23049	25076	13986	13848	18355	40158	16491	43734	56647	55094	24424	7751	36401	34008	12628	22337	62254	68120	31400	27952	68027	77089	39652	32116	85850	48430	29029	7583	49559	34913	14913	1820	23972	2152	6123	16677	26049	60587	15167	17463	32359	38532	10233	2841	32850	8442	6862	8073	21195	29543	6175	17232	37831	55455	13553	26213	44926	44918	13818	5438	46442	25872	7348	17154	25944	28280	17232	27109	32907	75383	26912	49266	71997	63535	27985	10435	51452	41684	15592	15633	32445	40019	19239	29931	53208	79805	31625	25509	48016	27836	17411	7312	34176	31888	11016	2696	13983	3752	4480	17195	21767	49541	14516	16814	25710	30744	8434	2891	25039	9358	5708	2263	2422	2153	1844	8126	13081	18868	7152	3060	3496	2442	1872	1841	7129	4598	3286	17653	19235	11048	17767	17041	18762	29567	23448	54509	47490	44139	32076	9215	20090	13552	13791	12453	14324	9570	16284	12996	20800	25426	23394	22969	31761	22540	18789	4100	9935	7401	8027	1740	4871	1747	3092	13757	17989	29453	12071	6549	9534	8436	3957	2837	8428	5365	4420	
Bacteroidota	6240	3625	4932	3838	4793	4539	5861	3712	5988	5692	6414	3448	2767	3104	3367	3083	5300	3807	3560	4256	5137	4443	8067	5652	8602	8935	8210	5666	2590	2941	3611	3582	5446	3849	2980	4732	5345	5077	7117	5351	5914	6052	4295	4276	2602	2330	2737	3398	2390	2361	1364	2430	5772	5357	8358	4174	4412	4535	5729	2864	2620	3400	3250	3675	4227	7502	6411	3338	2953	6969	7944	2644	4287	7321	6375	3201	1427	8472	4477	3133	3994	5328	5768	3507	3138	3616	8450	3161	9543	12065	11252	5441	2318	6571	7059	3429	6828	13887	11423	7569	7339	14052	17204	8653	7253	19000	8966	6615	2456	10181	7549	4172	1194	6523	517	2550	4087	4714	11017	3302	4772	7390	9105	2877	1656	8258	2556	3296	5263	6211	8595	3394	5305	7752	12281	3715	5438	8723	6880	3498	2631	9044	7033	3643	6077	6373	7950	5077	6263	6492	15508	5748	10732	16309	13284	6721	3109	9552	9630	4681	5758	7283	7276	5163	8310	9574	17122	7116	5434	9662	5256	4089	2830	6412	7244	3657	2031	4130	1376	2482	4410	4016	9522	3552	4400	5758	7150	2522	1859	6242	3230	3216	2831	1579	1503	1756	3859	4070	5353	2652	1262	1171	897	946	1685	3050	2637	3101	6073	4997	3850	4680	4016	3813	6270	4829	10661	9924	9094	6509	2758	4125	3896	4112	5378	4042	2794	4889	4431	5363	5664	5825	6791	7302	5902	5111	2099	2536	2283	3339	2059	2956	1019	3040	5339	4907	7460	3899	3511	3635	3212	2018	2936	3775	3387	3972	
Chloroflexota	3738	4103	5621	2586	6266	9640	11422	5875	10258	11794	12829	4937	2070	4343	3702	2533	6916	7131	5935	7725	11583	13186	20496	15491	19043	20326	17673	11014	4367	7024	7722	6444	8885	10219	9048	10042	12152	14590	19490	13962	15593	17463	12662	11203	3813	6027	6014	6132	1916	3505	2793	2643	10523	13390	20160	9416	8006	9983	12166	4980	2508	5011	5046	3233	5097	14448	15004	4397	5910	19045	17079	5971	9678	18802	16457	6530	2766	20308	10268	4923	9715	14741	18267	9507	11016	12122	22389	12179	23849	32108	30066	12475	6050	20512	24254	9311	11916	31500	34462	17215	16196	39054	38053	24180	17147	45842	25451	16945	4762	23448	17786	8490	1611	15747	2307	5151	10822	15374	28371	10588	12286	21626	30562	7057	2638	19809	7547	6063	5514	12569	17248	4242	9981	22688	28222	8458	15249	26461	25462	8701	4408	23190	16825	5480	11493	15269	18704	10920	19011	21185	40574	17811	26041	40505	35126	15190	7984	26397	29349	11034	10738	18254	24062	12021	19541	30305	43479	20471	15411	27227	16941	11853	6116	19407	20634	7844	2122	8193	3465	3834	10181	11601	23892	9365	9734	15642	19597	5378	2585	13656	7887	4459	1633	2089	1799	1427	5480	9541	11428	5246	2855	3191	2284	1819	1577	5679	4278	2863	10693	10886	8397	10130	10438	11212	14989	14547	25809	24427	22533	15748	6399	11450	10433	9387	7935	9435	8096	10631	8358	14823	16033	16078	16635	23024	16356	13890	2881	6088	5888	6121	1310	4329	1587	2813	8596	11007	16525	8426	6025	8150	7822	3630	2309	6150	5218	3405	
Cyanobacteriota	13653	9359	10630	9513	9347	10550	11467	9360	12855	14682	12992	7919	5367	8348	6717	10253	10197	7309	8731	7090	10633	10931	17153	13071	16452	16914	16495	9099	5441	8236	8881	8492	13066	9506	9514	10899	14002	13269	18232	13097	14265	15532	11036	10317	5370	6913	7077	9973	3724	5037	3707	5110	11271	11526	19082	9392	8797	10494	11436	5910	6493	7860	9361	10547	12116	14724	15813	8341	6708	15382	14419	6441	11040	18244	14717	8277	3173	16745	8369	6468	11213	11758	14479	8116	10158	10676	17943	9948	20433	25858	22710	10656	5944	16251	17546	9519	14604	24301	26222	17406	15923	30389	31308	20448	15733	35563	21743	14719	4559	18590	14120	8402	3776	13312	3336	6509	11640	12101	23019	9785	11546	18679	22772	7897	4774	16321	9014	9757	12079	12976	18677	8365	10255	16389	22808	8704	13800	20563	20515	9832	6236	18528	15849	10473	15254	13855	19040	10435	15688	16900	31702	14701	23381	33306	29628	13357	9111	20936	24760	12818	13714	14917	20128	12081	18160	21883	35335	17803	14884	22103	15421	10872	6950	13958	17616	9976	3613	7704	4473	5073	10362	9141	18694	8379	8945	14083	16894	5647	4961	11782	10404	9644	5187	3632	3154	4464	6913	9536	10293	6515	5171	5181	2992	3326	2720	7625	5680	7090	14233	10045	9889	9116	8934	10249	12883	11528	21961	21869	18979	12528	6417	11260	9871	9176	10672	9510	8647	10708	10396	13591	14954	16209	15748	19836	15052	12492	3909	7018	6725	8432	5345	7257	5149	6503	10085	11011	14839	9292	10216	12022	12226	6691	8019	9381	12455	10503	
Deinococcota	601	785	1369	475	1294	2414	2642	1353	2317	2805	3323	1324	313	912	704	393	1546	1794	1280	1446	3411	3338	5512	3634	4245	4671	4541	2601	1066	1553	1760	1424	2186	2230	2210	2053	2525	3283	4739	3304	3962	4347	3306	3146	990	1296	1504	1427	279	739	476	335	2282	2830	4471	1913	1564	2234	2604	892	400	905	845	478	1046	3489	3632	733	1317	5179	4242	1401	2275	4241	4341	1414	492	4336	2160	775	2479	3953	4904	2140	3038	3226	5723	2957	5892	8009	7900	3045	1219	4739	5662	2370	2788	7648	8202	3696	3812	9596	9244	5512	4470	11373	7228	4059	960	5891	4157	1863	303	3724	472	1068	2268	3743	6883	2236	2854	5309	6809	1430	466	4739	1607	1278	1301	3055	4362	901	2373	5737	6571	1945	3476	6240	6692	2178	776	5264	3604	1073	2666	3813	4244	2139	4501	5736	9930	4216	6065	9690	9376	3546	1831	6298	6887	2377	2930	4570	6405	2769	4512	7910	10720	4880	4244	7182	4922	3195	1407	4613	5585	1722	440	2069	673	670	2341	2957	5547	2235	2337	3983	4954	1306	420	3182	1753	827	268	369	364	216	1066	2585	2621	1101	574	580	441	306	246	962	828	385	2185	2582	1813	2032	2489	2662	3665	3171	6060	5772	5332	3692	1443	2606	2144	1954	1686	2164	1742	2211	2009	3598	4012	3697	3906	5096	4084	2898	476	1233	1325	1172	200	848	278	362	1707	2518	4060	1775	1041	1829	1672	578	404	1247	921	627	
Euryarchaeota	1411	1208	1552	1036	1618	1960	2493	1315	2594	2583	2974	1217	875	1222	1085	822	1783	1758	1426	1668	2554	2593	4334	3458	4248	4410	4250	2818	1132	1622	1577	1582	2226	2178	1993	2234	2502	3046	3905	2912	3564	3703	2896	2534	1031	1349	1245	1458	756	945	946	882	2254	2908	4627	2094	1912	2301	2708	1185	685	1352	1160	1011	1484	2817	3164	1118	1412	4233	4145	1455	2074	3324	3248	1335	835	4210	2293	1151	1911	3249	3110	1975	2103	2566	4871	2476	5378	6821	6789	3112	1376	4755	4651	2071	2970	7158	7711	4008	3488	8383	9005	5204	3919	10351	6037	4022	1076	5910	4625	2202	527	3270	607	1191	2335	3285	7127	2465	2500	4275	5785	1630	657	4554	1898	1363	1649	2781	4037	1244	2366	4799	6434	1969	3123	5616	5854	2027	1241	5118	3630	1393	2493	3691	3671	2470	3449	4380	9328	3610	5864	8829	7877	3695	1638	6174	5880	2477	2617	4161	5184	2663	4252	6405	10066	4414	3541	6179	3864	2739	1287	4341	4681	1912	606	1855	807	963	2415	2767	5937	2071	2334	3578	4542	1372	740	3450	1769	1134	648	555	582	610	1212	1973	2679	1181	830	838	640	513	559	1330	1094	857	2354	2558	1755	2360	2096	2481	3554	3279	6277	5985	5442	4163	1458	2692	2129	2371	1877	2099	1710	2495	2040	2973	3339	3608	3531	4856	3512	2917	833	1576	1268	1524	502	997	465	813	2033	2506	4268	2032	1425	1828	1833	1036	696	1503	1301	1119	
Gemmatimonadota	2259	3559	4865	2278	10747	12707	21045	6806	15765	20080	23486	8672	1479	7489	4300	2225	12846	12462	7075	16722	16689	16400	36887	21049	38653	41562	32512	25817	6260	11533	8994	9092	15019	13778	7621	19239	18580	18971	36151	27586	24420	25012	16851	16817	5875	9641	7504	8899	864	4040	981	1828	22282	24655	45247	16705	11838	17001	18876	6935	1870	10394	4245	3357	3575	24859	27692	5735	9042	31491	37348	8488	13922	31089	24007	8895	1738	41681	18779	6849	12664	19929	24016	11860	11081	14058	37828	10794	45579	61374	55462	23243	5037	32539	26201	8879	24204	69946	69561	38550	34913	69485	105648	45728	33611	93913	44850	32543	8760	54329	39612	16705	606	22060	659	5211	19836	24648	65254	12750	16649	33066	33948	10130	1072	33377	4745	4879	6406	21506	34247	6809	19939	34951	61279	13928	24953	48704	34883	13637	3398	52569	28454	8795	15774	30877	33536	19056	24183	26292	78853	20016	58042	95327	70065	35758	8797	58092	46247	13776	16992	32174	35599	19006	30798	42002	89448	27852	23309	42404	23543	15930	6552	30745	36217	9127	1665	17244	1901	5041	18613	18418	55729	12673	20395	30495	28967	9714	1782	29317	7444	4260	649	1333	987	625	9276	12037	18969	6646	866	1540	891	720	1058	7173	3056	2017	20359	23066	13090	21446	16258	17066	31980	20705	59153	57278	47120	34449	8425	20706	12652	12487	12597	14188	8988	16461	14720	19154	28284	25636	22009	28494	19908	17115	4537	10531	6200	8067	478	3760	480	1289	17266	18704	32596	12326	3331	7458	6046	2651	1281	8033	3115	2254	
Myxococcota	1421	1834	2460	1184	3551	4690	6578	2786	5244	6700	7149	2847	777	2385	1613	1073	3972	4040	2622	4867	5625	5659	11570	7587	11537	12838	10447	7197	2177	3481	3536	3311	4707	4806	3396	5419	5896	6701	10763	8099	7584	8872	5779	5559	1867	3024	2662	3202	608	1305	756	933	6181	7553	12772	4781	3961	5137	6024	2468	900	2750	1914	1588	2130	8208	8655	1972	3103	10170	11462	2815	4649	9528	7927	2938	868	12556	5867	2139	4556	7393	7808	4549	4273	5611	12672	4688	14062	20102	17143	7551	2409	11084	10716	4102	7950	20329	21044	10498	10714	23741	29394	14609	9818	29877	14135	9324	2269	15485	11999	5113	500	7986	521	1960	5849	7569	19397	4678	5921	12128	12816	3612	745	11734	2695	2288	2827	6879	10165	2183	5997	11452	18038	4554	7683	14373	12210	4528	1447	13982	8707	2960	6251	9391	10302	6030	9093	10591	25298	8799	16700	28584	21554	10109	3424	17002	15733	5359	5012	10063	11107	5810	10446	16323	27616	10061	6954	14901	7861	5328	2077	10267	10726	3543	717	4493	876	1420	5837	6226	15510	4572	5505	9457	10162	2897	861	8715	3276	2014	516	692	587	495	2808	4222	6001	2347	672	905	554	418	489	2320	1409	972	6114	6754	4258	5976	5244	5403	9302	7220	17234	16847	14062	9960	2948	6025	4602	4732	4341	4886	3106	5360	4896	7126	9291	8695	7476	10669	7291	6315	1268	3366	2578	3020	470	1624	403	899	5247	5979	10621	4328	2296	3366	2858	1269	894	3053	1910	1550	
Nitrososphaerota	116144	45487	84639	82751	55492	26588	22322	37484	93649	46133	59292	42379	79315	43682	61420	66619	65690	22625	43682	41317	30707	15112	14464	26256	27523	15921	17849	15184	33463	22955	32189	38922	89540	38290	53693	67523	55403	24542	22612	38199	60240	38849	28785	36880	39468	24703	26121	37989	63479	42368	52438	69561	53511	31841	25862	42149	61484	42446	54435	38690	53243	44794	59460	64936	77098	35625	60395	59644	29408	16643	12687	25398	57441	34136	40970	30765	38098	32811	32071	46529	40593	17286	26374	27931	17540	8390	9709	15299	17083	13141	14106	10835	21834	18874	24034	27611	27608	18879	19924	28726	21176	12529	9837	20166	19117	19809	11923	15452	14867	12695	12169	16098	30203	26702	21991	43047	31485	17888	14534	27509	37239	33243	31017	24464	26924	29632	45191	43541	80923	33140	65025	54742	44551	19646	22463	28246	48377	33252	37703	25755	63463	33425	55127	45669	63006	21953	53722	38836	30727	12436	16943	21344	23938	17618	18632	13797	33016	25002	37349	36891	55592	24127	40407	43127	46133	17551	23673	30667	29041	20062	16107	18877	31744	20297	28447	28907	34723	19848	28839	35766	32511	13590	16662	21195	24467	20445	26317	16374	29524	24002	33235	33580	53927	27565	30456	53721	43547	23726	19016	36482	48779	27303	26903	29480	46285	43327	48201	63790	63082	22367	39230	41560	32956	15050	14083	29481	26262	16946	15732	15990	33644	24792	32730	42302	60872	33846	30908	58560	54537	26942	18011	43307	54448	39223	27357	38184	32811	26200	20888	37513	37410	34139	29163	53844	48856	28564	18200	43017	60864	46895	47885	38148	44812	40415	56228	56612	
Planctomycetota	2687	2729	3395	1860	6179	7987	10329	4878	10165	11739	14694	5189	1237	3059	2242	1625	7952	6428	3868	7910	10773	11423	18968	13356	18039	18378	16713	11103	3406	4556	5650	5285	8671	7376	4436	8923	10410	11488	15915	11412	12357	13798	9689	9168	3258	4387	4032	5643	871	1857	727	1116	10823	11764	19295	6491	6862	7713	9410	3269	1393	3251	2669	2205	3217	15048	19941	2724	5163	17662	16919	3747	6820	16593	12042	4783	913	20077	9426	2693	9160	13356	15322	6680	8015	12611	23750	8274	23504	33358	29021	10915	3565	15837	22216	5352	11154	34748	30823	14953	15273	36380	32809	17538	13481	47355	22955	13288	3032	24225	15385	6705	585	12310	561	2890	7938	10843	21838	5943	10540	18492	24371	5982	1135	16207	3693	2602	4030	10661	17351	3014	10075	22232	27900	6896	11724	19900	17847	6819	1739	22052	13587	3715	12069	14800	14924	9142	16314	20337	39996	14177	24693	29589	31844	13954	4844	19775	24943	6570	7716	17356	16287	8252	17497	31905	39416	14627	10458	25086	15436	8387	2709	17198	15705	5330	921	7404	893	2039	9432	11301	23168	6454	7731	12979	14008	4097	1290	13985	4698	2628	719	954	915	543	4727	6737	9139	3375	632	1044	561	537	674	3148	1964	1497	11637	8941	6006	9363	9310	8344	14060	11124	25048	20556	19501	13307	4495	6528	6728	6521	7424	7708	4546	8949	7638	11205	12087	12466	13120	17046	11314	9989	2213	4479	3689	4935	759	2493	590	1268	7809	9127	14501	5473	3470	4271	3837	1997	1286	3570	2549	1949	
Pseudomonadota	43191	43831	61223	39352	80780	106537	146316	60635	125767	179818	197843	62302	27194	66493	53542	37554	100988	84246	57743	110095	150666	129099	277187	171246	222720	272741	228125	133378	42480	58816	76246	62887	108672	99811	62536	127951	134104	172277	243513	174459	167194	226248	126484	122893	30910	57642	53219	62813	13846	36625	12397	31923	156118	195361	331689	130485	107376	156922	165430	68424	23793	72418	51664	49229	54021	189916	254016	72544	66730	255627	229446	55319	102447	231142	188039	62669	20892	316782	181238	58713	137984	162977	190820	136101	100829	104692	286634	114919	346204	506128	431037	160527	67986	232620	284790	112174	184122	457684	437103	275045	274404	626623	647945	352018	196708	802137	290771	216407	40097	306585	258934	102255	10041	164418	10229	76095	126671	140311	425293	91843	153295	315020	318209	93037	20208	255923	76217	62540	78480	146405	234900	63317	143638	283805	359599	84327	158990	296765	248148	71993	32570	359071	213243	68561	172466	214283	249063	186193	256999	259090	665935	250658	383668	723912	506726	212270	80197	357566	411043	149395	119670	202487	206760	120693	282957	421481	695775	258678	116607	359745	137410	101592	37453	231819	262415	73283	14393	68524	15486	34505	131699	122562	340970	93227	128068	233545	209577	66771	17984	188468	65180	47903	11234	14034	13401	9350	61139	83768	122498	40057	10616	17482	10061	7740	13838	71003	49710	32246	157428	145790	84959	145468	117497	114520	213919	160207	395629	396305	341058	200764	70105	137531	109960	92109	109361	111885	66759	149570	128762	214751	241559	212162	166169	267689	160099	162596	23978	91641	62978	81168	9773	38896	7832	24806	119534	150750	241645	95454	48694	93473	65954	32030	19310	92029	47660	38786	
Thermodesulfobacteriota	2772	2232	3038	1800	2235	3091	3808	2191	4502	4771	4776	2319	1018	2349	1736	1505	2635	2300	1975	2464	3517	3439	5941	4291	5498	5864	5602	3380	1399	2228	2336	2118	3543	2886	2836	3659	3876	4254	6191	4179	4412	5179	3551	3367	1358	2011	2363	2322	835	1352	671	1306	4353	4371	7128	3563	3180	3541	4120	1906	1101	2358	2349	2094	2913	4526	6081	2168	2001	5657	5339	1785	3023	5534	4923	2189	897	6850	3744	2094	3733	4047	4721	3462	3229	3077	5821	3212	6803	9011	8022	4087	1815	5669	6203	3031	4641	8398	9187	6227	5500	10799	11676	7468	5059	13424	6700	5188	1481	6764	5975	3056	621	4041	545	2298	4096	4010	8294	3020	3743	6232	7482	2491	1041	5522	2779	2698	3209	3783	6377	2018	3240	5750	7747	2575	4674	7249	6222	3039	1571	7586	5556	2809	4658	4631	5702	3803	5924	5665	11459	5184	7803	12946	10061	4926	2379	7705	8256	3734	3790	4818	6219	3827	6284	8429	12659	5656	4031	7424	4697	3368	1725	5163	6677	2585	855	2454	795	1517	3715	3204	6936	2687	3693	5086	6206	2342	1136	4158	2852	2288	920	789	792	617	1876	2719	3444	1510	701	939	599	536	655	2640	1690	1478	4622	3815	3225	3862	3214	3149	4722	4001	8228	7607	6695	4848	1896	3870	3198	3221	3401	3214	2873	3822	3128	4792	5294	4784	5076	6909	4597	4173	1049	2569	2302	2500	804	1726	772	1371	3378	3557	5151	2949	2693	3161	3005	1704	1411	3030	2614	2249	
Thermomicrobiota	795	1486	1682	841	2484	4235	5484	2247	4252	4742	5166	2003	686	2237	1641	797	2783	3653	2259	3666	5405	6433	11466	6976	10168	10284	9273	5913	1942	3407	3385	2482	3306	4532	3438	5221	5094	6101	9795	6268	6846	7623	5179	5019	1511	2677	2327	2531	448	1317	703	919	5401	7020	12287	5057	3713	4995	5780	2108	674	2566	1915	1328	1667	6890	6726	2182	2555	9987	8755	2874	4098	8374	7143	2572	819	10849	5202	2169	4271	7049	7907	4532	4578	5910	11994	5377	13248	18197	17247	6594	2717	10223	11038	3866	6232	18282	18218	10713	8382	22412	21692	12452	9367	25754	13582	9999	1947	14296	8591	4552	397	7882	663	2071	4851	7692	15786	5279	5761	10650	14470	2602	613	9812	3170	2027	2078	5453	7297	1972	4971	11923	16059	3978	7482	13092	11854	4083	1531	14303	8209	2728	5379	7652	8086	5577	8920	9760	23468	8164	14343	22147	19602	7952	3310	13414	14225	4516	4412	9034	11487	5531	9353	14493	24433	9272	7382	12485	8307	5905	2163	11762	9569	3842	606	3519	920	1400	5666	6176	14761	5277	4832	7455	8070	2044	708	6822	3713	1727	249	642	417	362	2341	4170	5373	2115	604	1059	538	420	339	2360	1532	802	4982	5817	3861	5252	4790	5791	8312	7293	15451	14239	12641	8895	3042	6660	4967	4782	2818	5112	3211	5297	3800	7372	8212	7435	6711	11610	6977	6336	812	3119	1913	2053	222	1354	335	655	4013	5436	8593	3894	2126	3785	3386	1159	563	2798	1685	1078	
Verrucomicrobiota	2462	2106	2535	1904	2674	2669	4055	1920	3750	4339	4322	2103	846	2400	1536	1736	2776	2252	1570	2823	2844	2468	5501	3375	5726	6466	5227	3211	939	1816	1901	1695	3051	2321	1558	3229	3361	3504	5814	3569	3852	4081	2280	2393	838	1673	1520	2009	514	916	293	814	4319	3919	7555	2977	2727	3084	3613	1761	1070	2477	1702	2213	2514	4487	4578	1905	1780	4766	5709	1350	2436	5237	3934	1628	429	6971	3467	2008	2573	3304	3852	2433	1929	2006	5504	1947	6547	9342	7996	3444	1202	4513	4981	2098	6267	8918	8129	6804	6069	10387	14548	6711	5513	14142	5813	4418	966	6933	5531	3149	311	3293	212	1204	2902	3288	8614	2139	3091	5722	5963	1541	640	5077	1563	1976	3518	4160	6921	2339	3323	4994	7950	2062	3690	6236	4140	2094	910	7575	5226	2767	4319	4416	5430	3815	4585	4388	11476	4103	9048	13541	10102	5141	1484	7334	6835	2980	4244	4607	4609	3269	5660	6852	12710	4349	3229	6257	2898	2187	892	4322	4580	2143	496	1499	368	879	2993	2777	6777	2229	3178	4239	4389	1266	796	4231	2020	2091	478	537	433	400	1620	1804	2905	1030	252	434	229	221	326	1811	921	953	3805	3635	2339	3806	2782	2535	4847	3334	8683	8315	6596	4757	1398	3338	2640	2522	3336	2462	1812	3162	2850	3882	4803	4012	4073	5106	3566	2927	546	1818	1455	1838	518	1683	265	1119	3403	3579	5516	2591	1768	2527	1743	1082	1073	3344	1825	2239	
	59045	55460	71940	44906	92569	119359	162965	72747	135867	155744	173697	68333	35348	65052	52653	39416	106373	103420	76836	106135	145633	154919	286443	189306	284768	291975	266205	173936	58079	91404	91487	83616	122231	122933	98027	136222	153023	175912	262134	192495	200809	226191	153855	144444	50851	77274	72013	80209	28975	44825	29623	36979	144035	178616	297234	121282	102978	129720	153884	63027	32931	69844	55792	48362	66933	195162	203910	60476	79500	251592	265048	73865	119439	238740	205244	77982	30914	269918	138626	56179	117689	190902	208613	111589	117908	148764	326609	129967	353170	480978	443309	190744	67972	275373	275995	107377	184333	500897	506815	252955	238643	573924	629287	337668	247394	715163	364210	234786	62193	375069	278407	124862	20053	193770	21120	58221	136861	197996	459004	121124	147813	285861	330085	90997	28039	269473	79607	66003	79401	171336	233968	63600	146578	299554	440062	113636	194264	357612	325645	114786	50332	340646	211941	73243	153249	220195	248206	142232	228984	276037	626375	224523	391532	619399	517068	232696	89332	397580	371436	136610	135796	252872	295773	151065	254900	423808	654561	260044	190586	375749	205766	140195	61009	262247	262838	96301	26173	109650	32697	43432	141461	165058	378568	117757	137045	217274	251803	76065	29273	206829	87229	56473	25143	25463	21710	23313	73129	107258	149838	64286	28584	32184	22343	19335	23376	65253	45917	38319	147809	155917	105886	135730	134314	143989	228176	182022	409036	384998	336104	242132	77790	153316	118053	117072	104866	123984	88602	135750	115974	184792	217136	204047	193042	273511	188079	161355	37239	87391	68281	78641	20448	47465	19093	34858	123380	149891	243567	107575	65123	90740	82848	41898	31652	79755	58603	48661	
